,国内株式,国内債券,国内リート,先進国株式,新興国株式,先進国債券,新興国債券,先進国リート,ポートフォリオ,日付
0,29999.0,30000.0,192901.0,627099.0,29999.0,30000.0,29999.0,29999.0,999996.0,2018-01-04
1,30265.0,29991.0,193275.0,632072.0,30212.0,30129.0,30174.0,29643.0,1005761.0,2018-01-05
2,30408.0,29965.0,195533.0,638097.0,30662.0,30106.0,30235.0,29868.0,1014874.0,2018-01-09
3,30454.0,29921.0,195667.0,634862.0,30418.0,29772.0,29972.0,29389.0,1010455.0,2018-01-10
4,30388.0,29946.0,196362.0,628433.0,29997.0,29521.0,29689.0,28820.0,1003156.0,2018-01-11
5,30197.0,29953.0,196362.0,631061.0,29952.0,29576.0,29830.0,28687.0,1005618.0,2018-01-12
6,30320.0,29951.0,198473.0,634175.0,30137.0,29677.0,29907.0,28472.0,1011112.0,2018-01-15
7,30486.0,29944.0,198513.0,634943.0,30116.0,29751.0,29963.0,28472.0,1012188.0,2018-01-16
8,30431.0,29937.0,200438.0,631102.0,30198.0,29709.0,29877.0,28406.0,1010098.0,2018-01-17
9,30207.0,29933.0,202482.0,639068.0,30567.0,29816.0,30059.0,28787.0,1020919.0,2018-01-18
10,30413.0,29949.0,201734.0,637936.0,30638.0,29795.0,30165.0,28512.0,1019142.0,2018-01-19
11,30447.0,29953.0,202469.0,638825.0,30689.0,29693.0,30040.0,28528.0,1020644.0,2018-01-22
12,30755.0,29967.0,203150.0,644567.0,30896.0,29797.0,30115.0,28813.0,1028060.0,2018-01-23
13,30596.0,29956.0,204794.0,642182.0,31007.0,29675.0,29959.0,28944.0,1027113.0,2018-01-24
14,30328.0,29944.0,204032.0,638259.0,31041.0,29585.0,30089.0,28683.0,1021961.0,2018-01-25
15,30245.0,29967.0,203083.0,638906.0,31086.0,29659.0,30209.0,28672.0,1021827.0,2018-01-26
16,30263.0,29960.0,202028.0,639149.0,31100.0,29357.0,29938.0,28397.0,1020192.0,2018-01-29
17,29903.0,29928.0,201520.0,636884.0,31028.0,29322.0,29788.0,28128.0,1016501.0,2018-01-30
18,29558.0,29956.0,202722.0,629808.0,30466.0,29289.0,29638.0,27874.0,1009311.0,2018-01-31
19,30101.0,29930.0,202041.0,632355.0,30760.0,29418.0,29952.0,28395.0,1012952.0,2018-02-01
20,30002.0,29946.0,201787.0,633528.0,30694.0,29556.0,30176.0,27997.0,1013686.0,2018-02-02
21,29349.0,29951.0,200144.0,623459.0,30299.0,29472.0,29996.0,27791.0,1000461.0,2018-02-05
22,28056.0,29967.0,192995.0,597013.0,29472.0,29193.0,29557.0,26790.0,963043.0,2018-02-06
23,28162.0,29970.0,193409.0,602270.0,29037.0,29356.0,29807.0,26727.0,968738.0,2018-02-07
24,28415.0,29949.0,196683.0,601178.0,28825.0,29139.0,29580.0,26673.0,970442.0,2018-02-08
25,27870.0,29972.0,193342.0,580434.0,28417.0,28954.0,29220.0,25944.0,944153.0,2018-02-09
26,27625.0,29993.0,192901.0,590948.0,28220.0,28955.0,29330.0,26367.0,954339.0,2018-02-13
27,27400.0,30012.0,191151.0,587308.0,28247.0,28770.0,29084.0,26282.0,948254.0,2018-02-14
28,27667.0,30014.0,191404.0,590543.0,28565.0,28583.0,29168.0,25938.0,951882.0,2018-02-15
29,27959.0,30021.0,193315.0,594223.0,28862.0,28516.0,29154.0,26066.0,958116.0,2018-02-16
30,28566.0,30016.0,196255.0,595032.0,28764.0,28498.0,29236.0,26234.0,962601.0,2018-02-19
31,28362.0,30009.0,197498.0,596569.0,28865.0,28574.0,29308.0,26354.0,965539.0,2018-02-20
32,28348.0,30026.0,197097.0,598186.0,28894.0,28663.0,29315.0,26281.0,966810.0,2018-02-21
33,28099.0,30040.0,195961.0,595234.0,29180.0,28549.0,29266.0,25890.0,962219.0,2018-02-22
34,28331.0,30056.0,198487.0,593374.0,28934.0,28503.0,29238.0,25946.0,962869.0,2018-02-23
35,28569.0,30056.0,200651.0,599520.0,29273.0,28517.0,29322.0,26275.0,972183.0,2018-02-26
36,28817.0,30067.0,200584.0,605263.0,29400.0,28574.0,29388.0,26378.0,978471.0,2018-02-27
37,28460.0,30070.0,198727.0,601381.0,29223.0,28526.0,29248.0,25951.0,971586.0,2018-02-28
38,28007.0,30072.0,196469.0,590988.0,28655.0,28344.0,29014.0,25710.0,957259.0,2018-03-01
39,27494.0,30033.0,195614.0,582658.0,28517.0,28384.0,28899.0,25686.0,947285.0,2018-03-02
40,27277.0,30100.0,193462.0,578129.0,28109.0,28203.0,28721.0,25499.0,939500.0,2018-03-05
41,27623.0,30084.0,194718.0,587551.0,28175.0,28391.0,28939.0,25883.0,951364.0,2018-03-06
42,27424.0,30095.0,195533.0,586783.0,28398.0,28287.0,28838.0,25818.0,951176.0,2018-03-07
43,27520.0,30079.0,195333.0,589694.0,28417.0,28446.0,28937.0,26117.0,954543.0,2018-03-08
44,27611.0,30081.0,193770.0,595558.0,28722.0,28540.0,29016.0,26322.0,959620.0,2018-03-09
45,28028.0,30086.0,193422.0,604696.0,29066.0,28581.0,29135.0,26500.0,969514.0,2018-03-12
46,28183.0,30079.0,193836.0,602028.0,29260.0,28489.0,28993.0,26473.0,967341.0,2018-03-13
47,28056.0,30081.0,195173.0,600289.0,29347.0,28661.0,29086.0,26563.0,967256.0,2018-03-14
48,28062.0,30088.0,197364.0,594061.0,29085.0,28522.0,28964.0,26401.0,962547.0,2018-03-15
49,27948.0,30102.0,198072.0,594587.0,29074.0,28513.0,28862.0,26396.0,963554.0,2018-03-16
50,27680.0,30109.0,195747.0,593334.0,28886.0,28379.0,28715.0,26414.0,959264.0,2018-03-19
51,27620.0,30109.0,196335.0,587875.0,28740.0,28531.0,28721.0,26408.0,954339.0,2018-03-20
52,27800.0,30116.0,197124.0,586378.0,28830.0,28412.0,28829.0,26088.0,953577.0,2018-03-22
53,26792.0,30147.0,195734.0,569718.0,28210.0,28289.0,28567.0,25715.0,933172.0,2018-03-23
54,26896.0,30147.0,194331.0,560701.0,27695.0,28369.0,28633.0,25357.0,922129.0,2018-03-26
55,27634.0,30130.0,195667.0,573681.0,28138.0,28617.0,28957.0,25686.0,938510.0,2018-03-27
56,27609.0,30135.0,196455.0,567899.0,28125.0,28595.0,28943.0,25753.0,933514.0,2018-03-28
57,27681.0,30123.0,197685.0,573236.0,28016.0,28871.0,29226.0,26560.0,941398.0,2018-03-29
58,27879.0,30112.0,197685.0,575784.0,28032.0,28713.0,29175.0,26408.0,943788.0,2018-03-30
59,27757.0,30114.0,197778.0,576431.0,28114.0,28779.0,29224.0,26434.0,944631.0,2018-04-02
60,27676.0,30163.0,198246.0,565028.0,27881.0,28633.0,29032.0,26059.0,932718.0,2018-04-03
61,27715.0,30158.0,198580.0,572630.0,28064.0,28761.0,29215.0,26426.0,941549.0,2018-04-04
62,28015.0,30123.0,198941.0,577967.0,27855.0,28853.0,29302.0,26724.0,947780.0,2018-04-05
63,27931.0,30114.0,197017.0,586136.0,28157.0,28829.0,29292.0,26796.0,954272.0,2018-04-06
64,28036.0,30128.0,198206.0,575743.0,27974.0,28835.0,29150.0,26616.0,944688.0,2018-04-09
65,28135.0,30140.0,199943.0,577644.0,27934.0,28860.0,28944.0,26551.0,948151.0,2018-04-10
66,28026.0,30158.0,198674.0,588158.0,28369.0,28983.0,28964.0,26720.0,958052.0,2018-04-11
67,27916.0,30156.0,199943.0,584478.0,28334.0,28978.0,29060.0,26653.0,955518.0,2018-04-12
68,28090.0,30160.0,198340.0,590665.0,28451.0,29007.0,29196.0,26545.0,960454.0,2018-04-13
69,28201.0,30149.0,197043.0,590260.0,28321.0,29056.0,29196.0,26698.0,958924.0,2018-04-16
70,28099.0,30147.0,197618.0,591231.0,28106.0,28992.0,29177.0,26720.0,960090.0,2018-04-17
71,28420.0,30163.0,199556.0,597094.0,28130.0,29047.0,29233.0,26988.0,968631.0,2018-04-18
72,28428.0,30144.0,199943.0,599965.0,28496.0,29077.0,29399.0,27030.0,972482.0,2018-04-19
73,28443.0,30084.0,200250.0,597013.0,28629.0,28902.0,29271.0,26711.0,969303.0,2018-04-20
74,28438.0,30081.0,201025.0,594830.0,28377.0,28888.0,29170.0,26578.0,967387.0,2018-04-23
75,28745.0,30088.0,201827.0,599480.0,28321.0,28973.0,29053.0,26713.0,973200.0,2018-04-24
76,28714.0,30077.0,201800.0,595396.0,28329.0,29046.0,29121.0,26862.0,969345.0,2018-04-25
77,28786.0,30070.0,202054.0,597216.0,28149.0,29098.0,29060.0,26934.0,971367.0,2018-04-26
78,28872.0,30086.0,202736.0,601381.0,28247.0,29058.0,29023.0,27194.0,976597.0,2018-04-27
79,28825.0,30142.0,202803.0,599601.0,28682.0,29083.0,29042.0,27635.0,975813.0,2018-05-01
80,28780.0,30123.0,201814.0,602149.0,28727.0,29068.0,28981.0,27921.0,977563.0,2018-05-02
81,28807.0,30126.0,203310.0,599116.0,27926.0,28796.0,28504.0,27797.0,974382.0,2018-05-07
82,28916.0,30107.0,204540.0,601138.0,27955.0,28773.0,28354.0,27977.0,977760.0,2018-05-08
83,28804.0,30112.0,202442.0,602513.0,28141.0,28716.0,28123.0,27930.0,976781.0,2018-05-09
84,28883.0,30109.0,203818.0,611045.0,28353.0,28857.0,28263.0,28281.0,987609.0,2018-05-10
85,29167.0,30112.0,204299.0,613593.0,28610.0,28831.0,28527.0,28330.0,991469.0,2018-05-11
86,29348.0,30098.0,204126.0,614442.0,28687.0,28863.0,28457.0,28249.0,992270.0,2018-05-14
87,29336.0,30084.0,202776.0,617272.0,28881.0,28887.0,28417.0,28162.0,993815.0,2018-05-15
88,29260.0,30079.0,201814.0,616383.0,28573.0,28813.0,28181.0,27858.0,990961.0,2018-05-16
89,29391.0,30063.0,203992.0,618162.0,28743.0,28783.0,28261.0,27768.0,995163.0,2018-05-17
90,29502.0,30065.0,204780.0,622206.0,28597.0,28878.0,28176.0,27795.0,999999.0,2018-05-18
91,29477.0,30074.0,205208.0,620952.0,28470.0,28886.0,27957.0,27851.0,998875.0,2018-05-21
92,29408.0,30084.0,205382.0,624834.0,28494.0,28899.0,28043.0,28108.0,1003252.0,2018-05-22
93,29211.0,30102.0,205128.0,623136.0,28578.0,28856.0,28085.0,28135.0,1001231.0,2018-05-23
94,28856.0,30105.0,204901.0,614725.0,28096.0,28519.0,27833.0,28056.0,991091.0,2018-05-24
95,28791.0,30119.0,204780.0,612501.0,28067.0,28572.0,27784.0,28026.0,988640.0,2018-05-25
96,28772.0,30123.0,204139.0,610722.0,28117.0,28581.0,27791.0,28096.0,986341.0,2018-05-28
97,28631.0,30149.0,204754.0,607850.0,27998.0,28409.0,27683.0,28026.0,983500.0,2018-05-29
98,28212.0,30167.0,204834.0,595275.0,27497.0,28123.0,27320.0,27775.0,969203.0,2018-05-30
99,28397.0,30151.0,204005.0,604090.0,27324.0,28314.0,27554.0,28209.0,978044.0,2018-05-31
100,28426.0,30130.0,202696.0,602189.0,27558.0,28483.0,27576.0,28226.0,975284.0,2018-06-01
101,28840.0,30112.0,204179.0,611975.0,27990.0,28608.0,27702.0,28497.0,987903.0,2018-06-04
102,28843.0,30116.0,204860.0,616302.0,28462.0,28691.0,27852.0,28861.0,993987.0,2018-06-05
103,28887.0,30107.0,204406.0,616019.0,28366.0,28679.0,27643.0,28760.0,992867.0,2018-06-06
104,29073.0,30119.0,204981.0,622610.0,28613.0,28696.0,27781.0,28971.0,1000844.0,2018-06-07
105,28949.0,30130.0,204259.0,620750.0,28483.0,28614.0,27578.0,28852.0,997615.0,2018-06-08
106,29037.0,30123.0,204460.0,618647.0,28136.0,28486.0,27526.0,28766.0,995181.0,2018-06-11
107,29133.0,30109.0,204954.0,625319.0,28377.0,28684.0,27638.0,28937.0,1003151.0,2018-06-12
108,29255.0,30112.0,204687.0,626532.0,28427.0,28716.0,27543.0,29065.0,1004337.0,2018-06-13
109,28986.0,30135.0,204901.0,624268.0,28263.0,28749.0,27489.0,28678.0,1001469.0,2018-06-14
110,29069.0,30151.0,205088.0,625966.0,28059.0,28638.0,27250.0,28861.0,1003082.0,2018-06-15
111,28783.0,30151.0,205195.0,623742.0,27828.0,28687.0,27274.0,28836.0,1000496.0,2018-06-18
112,28336.0,30167.0,204860.0,620103.0,27502.0,28638.0,27054.0,28724.0,995384.0,2018-06-19
113,28478.0,30151.0,204633.0,615736.0,26982.0,28590.0,26970.0,28591.0,990131.0,2018-06-20
114,28443.0,30151.0,206143.0,619254.0,27282.0,28651.0,27122.0,28985.0,996031.0,2018-06-21
115,28351.0,30163.0,207199.0,613431.0,26887.0,28595.0,26944.0,28987.0,990557.0,2018-06-22
116,28082.0,30160.0,206036.0,614644.0,26937.0,28547.0,27068.0,29108.0,990582.0,2018-06-25
117,28127.0,30147.0,210393.0,605141.0,26585.0,28574.0,27021.0,29025.0,985013.0,2018-06-26
118,28168.0,30147.0,209016.0,607365.0,26534.0,28566.0,27045.0,29103.0,985944.0,2018-06-27
119,28095.0,30160.0,207854.0,604332.0,26152.0,28577.0,26869.0,29002.0,981041.0,2018-06-28
120,28159.0,30160.0,208241.0,608821.0,26221.0,28710.0,27014.0,29322.0,986648.0,2018-06-29
121,27578.0,30174.0,207493.0,613835.0,26831.0,28970.0,27211.0,29508.0,991600.0,2018-07-02
122,27537.0,30172.0,208575.0,613390.0,26632.0,28948.0,27012.0,29329.0,991595.0,2018-07-03
123,27546.0,30188.0,208281.0,610236.0,26465.0,28900.0,27031.0,29445.0,988092.0,2018-07-04
124,27267.0,30209.0,208762.0,610317.0,26423.0,28893.0,27072.0,29474.0,988417.0,2018-07-05
125,27518.0,30209.0,208843.0,616828.0,26479.0,28995.0,27297.0,29792.0,995961.0,2018-07-06
126,27848.0,30219.0,209751.0,620750.0,26619.0,29041.0,27452.0,29909.0,1001589.0,2018-07-09
127,27918.0,30200.0,208575.0,629080.0,27133.0,29179.0,27625.0,29931.0,1009641.0,2018-07-10
128,27685.0,30191.0,208762.0,629767.0,27110.0,29071.0,27699.0,29890.0,1010175.0,2018-07-11
129,27812.0,30202.0,208976.0,630576.0,27054.0,29341.0,27672.0,30077.0,1011710.0,2018-07-12
130,28144.0,30200.0,208883.0,639230.0,27438.0,29512.0,27950.0,30340.0,1021697.0,2018-07-13
131,28389.0,30207.0,209805.0,637734.0,27367.0,29490.0,27969.0,30086.0,1021047.0,2018-07-17
132,28488.0,30195.0,210085.0,641979.0,27491.0,29586.0,28092.0,29996.0,1025912.0,2018-07-18
133,28461.0,30205.0,209430.0,642465.0,27430.0,29496.0,28010.0,29890.0,1025387.0,2018-07-19
134,28386.0,30209.0,210299.0,639472.0,27165.0,29470.0,27728.0,30079.0,1022808.0,2018-07-20
135,28283.0,30040.0,207934.0,631142.0,27049.0,29087.0,27554.0,29522.0,1010611.0,2018-07-23
136,28416.0,30007.0,207186.0,632234.0,27057.0,29010.0,27575.0,29531.0,1011016.0,2018-07-24
137,28523.0,30063.0,207693.0,635954.0,27369.0,29059.0,27601.0,29447.0,1015709.0,2018-07-25
138,28724.0,30009.0,207266.0,636844.0,27502.0,28989.0,27756.0,29486.0,1016576.0,2018-07-26
139,28888.0,29991.0,208348.0,637693.0,27513.0,28929.0,27688.0,29573.0,1018623.0,2018-07-27
140,28763.0,29951.0,206664.0,635671.0,27608.0,28957.0,27770.0,29351.0,1014735.0,2018-07-30
141,28521.0,30102.0,209270.0,632760.0,27534.0,28929.0,27828.0,29416.0,1014360.0,2018-07-31
142,28790.0,29933.0,207840.0,640079.0,27669.0,29160.0,27966.0,30025.0,1021462.0,2018-08-01
143,28502.0,29923.0,208896.0,637653.0,27653.0,29022.0,27898.0,30075.0,1019622.0,2018-08-02
144,28347.0,29926.0,209377.0,637774.0,27168.0,28932.0,27711.0,29972.0,1019207.0,2018-08-03
145,28188.0,29937.0,208655.0,637087.0,27200.0,28825.0,27669.0,30089.0,1017650.0,2018-08-06
146,28403.0,29933.0,208321.0,639027.0,27128.0,28866.0,27550.0,30111.0,1019339.0,2018-08-07
147,28379.0,29914.0,208014.0,642262.0,27412.0,28918.0,27660.0,30142.0,1022701.0,2018-08-08
148,28307.0,29914.0,207373.0,638947.0,27269.0,28767.0,27403.0,29906.0,1017886.0,2018-08-09
149,27980.0,29944.0,207012.0,638097.0,27213.0,28716.0,27138.0,29879.0,1015979.0,2018-08-10
150,27384.0,29970.0,205742.0,628959.0,26672.0,28513.0,26317.0,29454.0,1003011.0,2018-08-13
151,27830.0,29944.0,206370.0,627907.0,26312.0,28534.0,26153.0,29475.0,1002525.0,2018-08-14
152,27619.0,29956.0,207319.0,633568.0,26457.0,28623.0,26474.0,29735.0,1009751.0,2018-08-15
153,27441.0,29942.0,208161.0,623297.0,25781.0,28433.0,26105.0,29713.0,998873.0,2018-08-16
154,27609.0,29951.0,206330.0,629727.0,25805.0,28528.0,26250.0,29998.0,1004198.0,2018-08-17
155,27521.0,29953.0,208094.0,630253.0,25829.0,28531.0,26161.0,30205.0,1006547.0,2018-08-20
156,27412.0,29979.0,207720.0,629727.0,25938.0,28534.0,26058.0,30104.0,1005472.0,2018-08-21
157,27622.0,29951.0,208108.0,633407.0,26213.0,28660.0,26184.0,30039.0,1010184.0,2018-08-22
158,27620.0,29953.0,207453.0,636561.0,26558.0,28796.0,26394.0,30061.0,1013396.0,2018-08-23
159,27800.0,29953.0,208268.0,638947.0,26616.0,28936.0,26367.0,30151.0,1017038.0,2018-08-24
160,28119.0,29972.0,207520.0,641494.0,26627.0,28955.0,26512.0,30237.0,1019436.0,2018-08-27
161,28164.0,29965.0,208361.0,647034.0,27096.0,29000.0,26596.0,30239.0,1026455.0,2018-08-28
162,28300.0,29956.0,209150.0,647155.0,27120.0,28933.0,26436.0,30536.0,1027586.0,2018-08-29
163,28292.0,29926.0,208949.0,653666.0,27322.0,29098.0,26518.0,30714.0,1034485.0,2018-08-30
164,28229.0,29935.0,208522.0,646347.0,26775.0,28899.0,26048.0,30352.0,1025107.0,2018-08-31
165,27986.0,29914.0,207947.0,643071.0,26691.0,28793.0,26093.0,30322.0,1020817.0,2018-09-03
166,27981.0,29916.0,208174.0,643880.0,26500.0,28823.0,25962.0,30313.0,1021549.0,2018-09-04
167,27764.0,29935.0,207800.0,644001.0,26415.0,28883.0,25796.0,30178.0,1020772.0,2018-09-05
168,27560.0,29946.0,208308.0,639594.0,25940.0,28878.0,25719.0,30259.0,1016204.0,2018-09-06
169,27430.0,29944.0,207573.0,632558.0,25734.0,28709.0,25627.0,30075.0,1007650.0,2018-09-07
170,27481.0,29935.0,206731.0,633124.0,25853.0,28693.0,25773.0,29900.0,1007490.0,2018-09-10
171,27664.0,29949.0,207827.0,637855.0,25715.0,28893.0,25791.0,30120.0,1013814.0,2018-09-11
172,27543.0,29953.0,208522.0,640443.0,25572.0,28881.0,25847.0,30187.0,1016948.0,2018-09-12
173,27846.0,29949.0,208161.0,641211.0,25590.0,28915.0,25959.0,30187.0,1017818.0,2018-09-13
174,28150.0,29946.0,208508.0,648207.0,26062.0,29160.0,26322.0,30505.0,1026860.0,2018-09-14
175,28660.0,29933.0,209083.0,644850.0,25927.0,29034.0,26226.0,30365.0,1024078.0,2018-09-18
176,29079.0,29921.0,209150.0,650593.0,26131.0,29123.0,26422.0,30405.0,1030824.0,2018-09-19
177,29110.0,29919.0,208776.0,652331.0,26505.0,29102.0,26619.0,30106.0,1032468.0,2018-09-20
178,29379.0,29863.0,208308.0,659893.0,26765.0,29320.0,26822.0,30388.0,1040738.0,2018-09-21
179,29679.0,29842.0,209537.0,660055.0,26855.0,29334.0,26947.0,30023.0,1042272.0,2018-09-25
180,29901.0,29856.0,211261.0,659893.0,26879.0,29295.0,26937.0,30008.0,1044030.0,2018-09-26
181,29547.0,29886.0,211555.0,658397.0,27009.0,29334.0,27073.0,29771.0,1042572.0,2018-09-27
182,29827.0,29858.0,211849.0,662643.0,27253.0,29375.0,27306.0,29956.0,1048067.0,2018-09-28
183,29840.0,29844.0,210820.0,663047.0,27266.0,29427.0,27431.0,30363.0,1048038.0,2018-10-01
184,29938.0,29851.0,211408.0,665029.0,27226.0,29346.0,27475.0,30163.0,1050436.0,2018-10-02
185,29588.0,29853.0,210540.0,660742.0,26815.0,29224.0,27283.0,29884.0,1043929.0,2018-10-03
186,29561.0,29781.0,209871.0,665554.0,26945.0,29257.0,27297.0,29843.0,1048109.0,2018-10-04
187,29421.0,29814.0,208629.0,658680.0,26346.0,29151.0,27030.0,29450.0,1038521.0,2018-10-05
188,28902.0,29795.0,210914.0,645255.0,25670.0,28765.0,26752.0,29470.0,1025523.0,2018-10-09
189,28949.0,29809.0,210580.0,645740.0,25731.0,28832.0,26925.0,29634.0,1026200.0,2018-10-10
190,27929.0,29842.0,210566.0,624389.0,25238.0,28648.0,26596.0,29094.0,1002302.0,2018-10-11
191,27937.0,29825.0,208562.0,611692.0,24527.0,28759.0,26713.0,28397.0,986412.0,2018-10-12
192,27493.0,29835.0,207667.0,616059.0,25084.0,28663.0,26719.0,28200.0,989720.0,2018-10-15
193,27698.0,29823.0,209658.0,613633.0,24880.0,28675.0,26895.0,28274.0,989536.0,2018-10-16
194,28128.0,29830.0,210914.0,627867.0,25333.0,28844.0,27159.0,28886.0,1006961.0,2018-10-17
195,27973.0,29819.0,211034.0,627665.0,25333.0,28808.0,27279.0,28969.0,1006880.0,2018-10-18
196,27780.0,29823.0,209898.0,617960.0,24890.0,28647.0,26961.0,28863.0,994822.0,2018-10-19
197,27821.0,29814.0,210379.0,618971.0,24962.0,28715.0,27000.0,29059.0,996721.0,2018-10-22
198,27083.0,29823.0,209243.0,617555.0,25291.0,28749.0,27078.0,28816.0,993638.0,2018-10-23
199,27108.0,29865.0,209270.0,611085.0,24747.0,28742.0,26937.0,28766.0,986520.0,2018-10-24
200,26270.0,29926.0,208161.0,593819.0,24344.0,28560.0,26635.0,28854.0,966569.0,2018-10-25
201,26191.0,29933.0,208589.0,603605.0,24405.0,28641.0,26740.0,29259.0,977363.0,2018-10-26
202,26083.0,29946.0,209163.0,592848.0,24092.0,28627.0,26790.0,28683.0,966232.0,2018-10-29
203,26443.0,29928.0,209337.0,594061.0,23981.0,28737.0,26671.0,29119.0,968277.0,2018-10-30
204,27010.0,29907.0,208535.0,604413.0,24262.0,28841.0,26830.0,29506.0,979304.0,2018-10-31
205,26777.0,29905.0,209751.0,609306.0,24654.0,28682.0,26595.0,29083.0,984753.0,2018-11-01
206,27220.0,29893.0,209631.0,616544.0,25148.0,28837.0,26907.0,29265.0,993445.0,2018-11-02
207,26916.0,29891.0,210179.0,616383.0,25821.0,28866.0,27176.0,29097.0,994329.0,2018-11-05
208,27232.0,29886.0,210874.0,618405.0,25712.0,28905.0,27321.0,29403.0,997738.0,2018-11-06
209,27118.0,29888.0,212009.0,621154.0,25712.0,28930.0,27388.0,29587.0,1001786.0,2018-11-07
210,27591.0,29886.0,212571.0,634094.0,26004.0,29010.0,27585.0,30057.0,1016798.0,2018-11-08
211,27454.0,29893.0,210727.0,634741.0,25895.0,28991.0,27466.0,30228.0,1015395.0,2018-11-09
212,27437.0,29905.0,213332.0,628514.0,25439.0,28961.0,27292.0,30206.0,1011086.0,2018-11-12
213,26885.0,29923.0,212865.0,615857.0,25081.0,28773.0,27044.0,30066.0,996494.0,2018-11-13
214,26933.0,29939.0,213279.0,618647.0,25201.0,28960.0,27084.0,30234.0,1000277.0,2018-11-14
215,26896.0,29946.0,214348.0,613148.0,25179.0,28917.0,27141.0,30088.0,995663.0,2018-11-15
216,26736.0,29951.0,213453.0,616787.0,25521.0,28933.0,27292.0,29796.0,998469.0,2018-11-16
217,26874.0,29995.0,214495.0,613673.0,25458.0,28819.0,27281.0,29807.0,996402.0,2018-11-19
218,26680.0,29970.0,214401.0,605465.0,25452.0,28837.0,27288.0,29805.0,987898.0,2018-11-20
219,26519.0,29995.0,213934.0,595800.0,25076.0,28798.0,27196.0,29614.0,976932.0,2018-11-21
220,26734.0,30000.0,214468.0,600653.0,25248.0,28893.0,27369.0,29745.0,983110.0,2018-11-22
221,26788.0,30019.0,215711.0,596649.0,25044.0,28880.0,27321.0,29738.0,980150.0,2018-11-26
222,26985.0,30021.0,216820.0,607365.0,25323.0,28980.0,27297.0,29906.0,992697.0,2018-11-27
223,27142.0,29988.0,218063.0,608983.0,25519.0,28995.0,27374.0,30057.0,996121.0,2018-11-28
224,27236.0,30035.0,215951.0,619132.0,25863.0,29071.0,27465.0,30300.0,1005053.0,2018-11-29
225,27369.0,30028.0,217542.0,618283.0,25906.0,29083.0,27617.0,30188.0,1006016.0,2018-11-30
226,27724.0,30037.0,217261.0,621599.0,25903.0,29098.0,27653.0,30333.0,1009608.0,2018-12-03
227,27068.0,30091.0,217528.0,628676.0,26412.0,29150.0,27720.0,30498.0,1017143.0,2018-12-04
228,26924.0,30072.0,217515.0,608983.0,26113.0,29043.0,27412.0,29918.0,995980.0,2018-12-05
229,26433.0,30098.0,217274.0,607244.0,25874.0,29073.0,27389.0,29922.0,993307.0,2018-12-06
230,26594.0,30065.0,218317.0,601300.0,25307.0,29108.0,27278.0,30460.0,988429.0,2018-12-07
231,26090.0,30109.0,215043.0,591312.0,25190.0,29093.0,27271.0,30205.0,974313.0,2018-12-10
232,25854.0,30105.0,214522.0,591473.0,24867.0,29199.0,27215.0,30052.0,973287.0,2018-12-11
233,26370.0,30091.0,215136.0,595153.0,25055.0,29257.0,27330.0,30206.0,978598.0,2018-12-12
234,26535.0,30084.0,215991.0,600046.0,25405.0,29251.0,27451.0,29857.0,984620.0,2018-12-13
235,26129.0,30128.0,217715.0,600855.0,25604.0,29292.0,27463.0,30005.0,987191.0,2018-12-14
236,26163.0,30142.0,217795.0,590341.0,25217.0,29234.0,27314.0,29911.0,976117.0,2018-12-17
237,25644.0,30167.0,216112.0,577159.0,24973.0,29124.0,27257.0,28895.0,959331.0,2018-12-18
238,25539.0,30156.0,215163.0,574692.0,24816.0,29148.0,27220.0,28994.0,955728.0,2018-12-19
239,24896.0,30195.0,212851.0,569395.0,24835.0,29222.0,27295.0,28748.0,947437.0,2018-12-20
240,24421.0,30149.0,210459.0,555363.0,24461.0,28986.0,27110.0,28152.0,929101.0,2018-12-21
241,23227.0,30226.0,208348.0,529362.0,23981.0,28615.0,26678.0,26650.0,897087.0,2018-12-25
242,23534.0,30202.0,211435.0,532435.0,24042.0,28788.0,26797.0,26801.0,904034.0,2018-12-26
243,24681.0,30191.0,212437.0,551926.0,24212.0,28819.0,26928.0,27559.0,926753.0,2018-12-27
244,24560.0,30244.0,213453.0,553786.0,24238.0,28902.0,27037.0,27507.0,929727.0,2018-12-28
245,24181.0,30363.0,210646.0,532921.0,23430.0,28166.0,26516.0,26403.0,902626.0,2019-01-04
246,24863.0,30300.0,213279.0,554474.0,24026.0,28322.0,27023.0,26974.0,929261.0,2019-01-07
247,24960.0,30265.0,213386.0,559447.0,24339.0,28436.0,27192.0,27260.0,935285.0,2019-01-08
248,25233.0,30233.0,215110.0,564057.0,24297.0,28350.0,27072.0,27775.0,942127.0,2019-01-09
249,25016.0,30256.0,215871.0,565755.0,24673.0,28347.0,27103.0,27698.0,944719.0,2019-01-10
250,25143.0,30281.0,217729.0,569071.0,24800.0,28375.0,27201.0,28045.0,950645.0,2019-01-11
251,25357.0,30281.0,214963.0,565634.0,24652.0,28381.0,27241.0,28065.0,944574.0,2019-01-15
252,25275.0,30300.0,216566.0,570365.0,24943.0,28336.0,27213.0,28287.0,951285.0,2019-01-16
253,25362.0,30300.0,217461.0,574490.0,25198.0,28454.0,27475.0,28620.0,957360.0,2019-01-17
254,25601.0,30293.0,218170.0,579989.0,25301.0,28555.0,27479.0,28840.0,964228.0,2019-01-18
255,25744.0,30298.0,218397.0,588885.0,25543.0,28553.0,27540.0,28987.0,973947.0,2019-01-21
256,25580.0,30316.0,218317.0,588845.0,25569.0,28560.0,27461.0,28962.0,973610.0,2019-01-22
257,25425.0,30323.0,216619.0,580960.0,25312.0,28560.0,27342.0,28854.0,963395.0,2019-01-23
258,25516.0,30326.0,217809.0,582254.0,25410.0,28618.0,27548.0,28953.0,966434.0,2019-01-24
259,25738.0,30349.0,220040.0,583831.0,25627.0,28690.0,27613.0,29027.0,970915.0,2019-01-25
260,25564.0,30356.0,221016.0,587672.0,25877.0,28693.0,27683.0,29355.0,976216.0,2019-01-28
261,25592.0,30347.0,223194.0,582294.0,25712.0,28654.0,27576.0,29560.0,972929.0,2019-01-29
262,25490.0,30342.0,221684.0,583993.0,25787.0,28745.0,27699.0,29904.0,973644.0,2019-01-30
263,25764.0,30363.0,223341.0,589573.0,25946.0,28719.0,27763.0,30044.0,981513.0,2019-01-31
264,25717.0,30447.0,223635.0,593010.0,26224.0,28755.0,28031.0,30156.0,985975.0,2019-02-01
265,25992.0,30419.0,224009.0,597135.0,26346.0,28835.0,28198.0,30109.0,991043.0,2019-02-04
266,26017.0,30426.0,223581.0,602472.0,26399.0,28900.0,28280.0,30468.0,996543.0,2019-02-05
267,26003.0,30428.0,222953.0,605910.0,26510.0,28835.0,28254.0,30531.0,999424.0,2019-02-06
268,25788.0,30395.0,222071.0,604656.0,26394.0,28789.0,28172.0,30405.0,996670.0,2019-02-07
269,25301.0,30458.0,221430.0,597984.0,26208.0,28777.0,28062.0,30601.0,988821.0,2019-02-08
270,25849.0,30412.0,221497.0,602068.0,26216.0,28880.0,28013.0,30858.0,993793.0,2019-02-12
271,26124.0,30393.0,221978.0,608983.0,26431.0,28930.0,28132.0,30651.0,1001622.0,2019-02-13
272,26131.0,30405.0,222111.0,612743.0,26460.0,28960.0,28008.0,30821.0,1005639.0,2019-02-14
273,25925.0,30442.0,221377.0,608861.0,26354.0,28884.0,27910.0,30655.0,1000408.0,2019-02-15
274,26333.0,30444.0,220722.0,616464.0,26137.0,28948.0,28032.0,30864.0,1007944.0,2019-02-18
275,26406.0,30458.0,222579.0,616666.0,26256.0,28948.0,28017.0,30887.0,1010217.0,2019-02-19
276,26520.0,30470.0,222820.0,619375.0,26341.0,29099.0,28160.0,31004.0,1013789.0,2019-02-20
277,26518.0,30486.0,222619.0,620993.0,26606.0,29061.0,28167.0,30792.0,1015242.0,2019-02-21
278,26455.0,30477.0,223635.0,619415.0,26675.0,29031.0,28104.0,30844.0,1014636.0,2019-02-22
279,26641.0,30465.0,224396.0,623176.0,26916.0,29108.0,28228.0,31051.0,1019981.0,2019-02-25
280,26588.0,30433.0,225185.0,625724.0,27186.0,29176.0,28314.0,30950.0,1023556.0,2019-02-26
281,26641.0,30423.0,225038.0,623661.0,27035.0,29156.0,28282.0,30801.0,1021037.0,2019-02-27
282,26431.0,30423.0,224450.0,624834.0,26996.0,29124.0,28342.0,30745.0,1021345.0,2019-02-28
283,26564.0,30391.0,223368.0,627260.0,26889.0,29245.0,28415.0,30965.0,1023097.0,2019-03-01
284,26758.0,30356.0,224463.0,633568.0,27001.0,29329.0,28439.0,31017.0,1030931.0,2019-03-04
285,26622.0,30344.0,225212.0,630981.0,27030.0,29298.0,28382.0,31085.0,1028954.0,2019-03-05
286,26555.0,30374.0,224276.0,629323.0,27046.0,29214.0,28354.0,31114.0,1026256.0,2019-03-06
287,26331.0,30395.0,223996.0,626088.0,27033.0,29291.0,28237.0,30956.0,1022327.0,2019-03-07
288,25849.0,30465.0,222526.0,620103.0,26664.0,29233.0,27992.0,30855.0,1013687.0,2019-03-08
289,25999.0,30465.0,224570.0,614482.0,26208.0,29105.0,27882.0,30693.0,1009404.0,2019-03-11
290,26394.0,30454.0,224958.0,625683.0,26656.0,29297.0,28111.0,31183.0,1022736.0,2019-03-12
291,26172.0,30491.0,225198.0,626128.0,26836.0,29295.0,28146.0,31262.0,1023528.0,2019-03-13
292,26111.0,30493.0,227042.0,630859.0,26823.0,29349.0,28181.0,31400.0,1030258.0,2019-03-14
293,26347.0,30479.0,227684.0,634822.0,26919.0,29467.0,28254.0,31662.0,1035634.0,2019-03-15
294,26530.0,30477.0,228432.0,636520.0,27067.0,29444.0,28324.0,31464.0,1038258.0,2019-03-18
295,26473.0,30507.0,229848.0,637774.0,27308.0,29411.0,28352.0,31276.0,1040949.0,2019-03-19
296,26541.0,30484.0,230249.0,640200.0,27409.0,29487.0,28434.0,31269.0,1044073.0,2019-03-20
297,26585.0,30579.0,230223.0,637450.0,27173.0,29395.0,28436.0,31492.0,1041333.0,2019-03-22
298,25932.0,30619.0,229140.0,621073.0,26685.0,29228.0,27870.0,31105.0,1021652.0,2019-03-25
299,26598.0,30551.0,230450.0,622044.0,26489.0,29384.0,28055.0,31228.0,1024799.0,2019-03-26
300,26747.0,30556.0,234886.0,627584.0,26622.0,29402.0,28052.0,31608.0,1035457.0,2019-03-27
301,26305.0,30647.0,233363.0,624147.0,26410.0,29393.0,27735.0,31473.0,1029473.0,2019-03-28
302,26450.0,30633.0,231799.0,629120.0,26648.0,29498.0,27854.0,31858.0,1033860.0,2019-03-29
303,26849.0,30586.0,229234.0,633811.0,26982.0,29503.0,27924.0,31797.0,1036686.0,2019-04-01
304,26780.0,30558.0,229341.0,642788.0,27377.0,29479.0,28258.0,31946.0,1046527.0,2019-04-02
305,26951.0,30565.0,228913.0,644365.0,27433.0,29553.0,28237.0,32130.0,1048147.0,2019-04-03
306,26919.0,30542.0,228539.0,647479.0,27637.0,29509.0,28289.0,32173.0,1051087.0,2019-04-04
307,27014.0,30514.0,228432.0,649056.0,27733.0,29567.0,28363.0,32148.0,1052827.0,2019-04-05
308,26922.0,30563.0,228619.0,649339.0,27756.0,29478.0,28322.0,32081.0,1053080.0,2019-04-08
309,26896.0,30551.0,227724.0,650229.0,27855.0,29510.0,28359.0,31946.0,1053070.0,2019-04-09
310,26715.0,30579.0,227390.0,645497.0,27900.0,29490.0,28296.0,31694.0,1047561.0,2019-04-10
311,26694.0,30598.0,227577.0,647317.0,27971.0,29524.0,28432.0,32034.0,1050147.0,2019-04-11
312,26677.0,30577.0,227791.0,651320.0,27876.0,29675.0,28466.0,32211.0,1054593.0,2019-04-12
313,27051.0,30523.0,227537.0,656699.0,28022.0,29669.0,28576.0,32409.0,1060486.0,2019-04-15
314,27025.0,30512.0,228485.0,656618.0,27939.0,29648.0,28530.0,32285.0,1061042.0,2019-04-16
315,27095.0,30465.0,227577.0,657912.0,28167.0,29616.0,28509.0,31752.0,1061093.0,2019-04-17
316,26835.0,30509.0,228525.0,656577.0,28212.0,29590.0,28518.0,31404.0,1060170.0,2019-04-18
317,26866.0,30482.0,228485.0,656658.0,28125.0,29576.0,28462.0,31588.0,1060242.0,2019-04-19
318,26896.0,30488.0,229915.0,656577.0,28112.0,29586.0,28480.0,31582.0,1061636.0,2019-04-22
319,26967.0,30505.0,230276.0,656213.0,27966.0,29530.0,28401.0,31220.0,1061078.0,2019-04-23
320,26786.0,30528.0,230623.0,661066.0,28045.0,29493.0,28336.0,31512.0,1066389.0,2019-04-24
321,26928.0,30495.0,231238.0,660742.0,27916.0,29579.0,28163.0,31907.0,1066968.0,2019-04-25
322,26886.0,30533.0,230035.0,657224.0,27666.0,29408.0,27968.0,31746.0,1061466.0,2019-04-26
323,26587.0,30561.0,230289.0,651563.0,27051.0,29282.0,27683.0,31741.0,1054757.0,2019-05-07
324,26128.0,30575.0,229621.0,638987.0,26744.0,29199.0,27414.0,31159.0,1039827.0,2019-05-08
325,25769.0,30563.0,228900.0,637370.0,26561.0,29127.0,27419.0,30999.0,1036708.0,2019-05-09
326,25748.0,30556.0,230009.0,633124.0,25993.0,29123.0,27360.0,31053.0,1032966.0,2019-05-10
327,25613.0,30547.0,230209.0,634822.0,26065.0,29107.0,27475.0,31287.0,1035125.0,2019-05-13
328,25510.0,30561.0,230463.0,620265.0,25548.0,29070.0,27251.0,31175.0,1019843.0,2019-05-14
329,25664.0,30565.0,232040.0,625926.0,25564.0,29068.0,27384.0,31305.0,1027516.0,2019-05-15
330,25558.0,30600.0,233082.0,628878.0,25582.0,29092.0,27426.0,31404.0,1031622.0,2019-05-16
331,25837.0,30575.0,234111.0,637370.0,25548.0,29167.0,27416.0,31705.0,1041729.0,2019-05-17
332,25846.0,30542.0,237572.0,635226.0,25277.0,29231.0,27402.0,31696.0,1042792.0,2019-05-20
333,25769.0,30554.0,236369.0,631264.0,25187.0,29191.0,27410.0,31413.0,1037157.0,2019-05-21
334,25700.0,30582.0,235327.0,637774.0,25405.0,29254.0,27540.0,31777.0,1043359.0,2019-05-22
335,25606.0,30600.0,237371.0,634701.0,25323.0,29219.0,27445.0,31662.0,1041927.0,2019-05-23
336,25617.0,30623.0,237104.0,624147.0,24893.0,29222.0,27314.0,31519.0,1030439.0,2019-05-24
337,25714.0,30612.0,236155.0,625036.0,24888.0,29200.0,27396.0,31597.0,1030598.0,2019-05-27
338,25780.0,30642.0,235233.0,625643.0,24938.0,29203.0,27414.0,31608.0,1030461.0,2019-05-28
339,25536.0,30698.0,237772.0,619860.0,24853.0,29138.0,27278.0,31219.0,1026354.0,2019-05-29
340,25465.0,30661.0,237104.0,615938.0,24951.0,29255.0,27412.0,30943.0,1021729.0,2019-05-30
341,25135.0,30719.0,233951.0,615614.0,25044.0,29172.0,27246.0,30846.0,1017727.0,2019-05-31
342,24914.0,30698.0,232013.0,604049.0,24935.0,29070.0,27173.0,30698.0,1003550.0,2019-06-03
343,24915.0,30737.0,232307.0,601785.0,25118.0,29121.0,27236.0,30682.0,1001901.0,2019-06-04
344,25432.0,30816.0,231706.0,613229.0,25108.0,29169.0,27398.0,30664.0,1013522.0,2019-06-05
345,25345.0,30805.0,233416.0,618364.0,25097.0,29227.0,27398.0,31224.0,1020876.0,2019-06-06
346,25469.0,30800.0,235046.0,622570.0,25118.0,29340.0,27486.0,31348.0,1027177.0,2019-06-07
347,25812.0,30856.0,234338.0,629363.0,25230.0,29504.0,27655.0,31485.0,1034243.0,2019-06-10
348,25949.0,30830.0,235020.0,631951.0,25582.0,29395.0,27741.0,31424.0,1037892.0,2019-06-11
349,25830.0,30847.0,235661.0,633730.0,25901.0,29445.0,27936.0,31525.0,1040875.0,2019-06-12
350,25618.0,30823.0,235915.0,631061.0,25683.0,29371.0,27887.0,31487.0,1037845.0,2019-06-13
351,25705.0,30849.0,237131.0,632558.0,25596.0,29393.0,27863.0,31640.0,1040735.0,2019-06-14
352,25590.0,30847.0,236623.0,631547.0,25452.0,29402.0,27901.0,31653.0,1039015.0,2019-06-17
353,25406.0,30861.0,236850.0,631547.0,25373.0,29372.0,27863.0,31851.0,1039123.0,2019-06-18
354,25847.0,30905.0,237037.0,638259.0,25718.0,29475.0,28027.0,31840.0,1047108.0,2019-06-19
355,25924.0,31005.0,238734.0,637006.0,25959.0,29366.0,28017.0,31786.0,1047797.0,2019-06-20
356,25691.0,30963.0,237465.0,640321.0,26203.0,29371.0,28214.0,31795.0,1050023.0,2019-06-21
357,25723.0,30910.0,236623.0,640119.0,26168.0,29384.0,28207.0,31509.0,1048643.0,2019-06-24
358,25649.0,30912.0,238721.0,638461.0,26174.0,29429.0,28214.0,31319.0,1048879.0,2019-06-25
359,25534.0,30868.0,238561.0,633528.0,25975.0,29432.0,28167.0,31093.0,1043158.0,2019-06-26
360,25849.0,30837.0,237077.0,635065.0,26160.0,29487.0,28329.0,30675.0,1043479.0,2019-06-27
361,25815.0,30898.0,237371.0,637693.0,26378.0,29549.0,28415.0,30914.0,1047033.0,2019-06-28
362,26378.0,30856.0,238962.0,643799.0,26476.0,29685.0,28591.0,31219.0,1055966.0,2019-07-01
363,26460.0,30847.0,240365.0,648854.0,26728.0,29680.0,28665.0,31246.0,1062845.0,2019-07-02
364,26287.0,30926.0,241113.0,646468.0,26577.0,29570.0,28497.0,31435.0,1060873.0,2019-07-03
365,26457.0,30935.0,242329.0,652250.0,26529.0,29715.0,28633.0,31903.0,1068751.0,2019-07-04
366,26503.0,30954.0,243238.0,653019.0,26664.0,29731.0,28750.0,31986.0,1070845.0,2019-07-05
367,26267.0,30910.0,241380.0,654111.0,26675.0,29677.0,28733.0,32088.0,1069841.0,2019-07-08
368,26207.0,30914.0,243518.0,653019.0,26447.0,29757.0,28817.0,32202.0,1070881.0,2019-07-09
369,26147.0,30854.0,244373.0,653747.0,26386.0,29743.0,28791.0,32317.0,1072358.0,2019-07-10
370,26269.0,30891.0,245843.0,651644.0,26404.0,29567.0,28740.0,32216.0,1071574.0,2019-07-11
371,26230.0,30812.0,244400.0,654434.0,26600.0,29567.0,28920.0,32000.0,1072963.0,2019-07-12
372,26104.0,30833.0,246565.0,653787.0,26532.0,29467.0,28832.0,31746.0,1073866.0,2019-07-16
373,26082.0,30847.0,247073.0,654030.0,26672.0,29475.0,28824.0,31777.0,1074780.0,2019-07-17
374,25530.0,30877.0,245897.0,648207.0,26441.0,29469.0,28719.0,31577.0,1066717.0,2019-07-18
375,26023.0,30870.0,246578.0,648328.0,26365.0,29494.0,28836.0,31568.0,1068062.0,2019-07-19
376,25896.0,30870.0,245950.0,647681.0,26534.0,29544.0,28939.0,31255.0,1066669.0,2019-07-22
377,26104.0,30891.0,245376.0,649218.0,26481.0,29562.0,28977.0,31143.0,1067752.0,2019-07-23
378,26209.0,30903.0,245830.0,654030.0,26558.0,29522.0,28885.0,31498.0,1073435.0,2019-07-24
379,26255.0,30924.0,245429.0,656375.0,26553.0,29579.0,28936.0,31537.0,1075588.0,2019-07-25
380,26149.0,30914.0,247059.0,656011.0,26646.0,29669.0,29018.0,31539.0,1077005.0,2019-07-26
381,26098.0,30893.0,246057.0,657750.0,26476.0,29562.0,28869.0,31482.0,1077187.0,2019-07-29
382,26219.0,30914.0,246832.0,659570.0,26505.0,29697.0,28939.0,31690.0,1080366.0,2019-07-30
383,26046.0,30930.0,247647.0,654960.0,26370.0,29628.0,28871.0,31669.0,1076121.0,2019-07-31
384,26082.0,30872.0,247059.0,652048.0,26277.0,29733.0,28925.0,31561.0,1072557.0,2019-08-01
385,25516.0,30984.0,247754.0,636561.0,25511.0,29341.0,28165.0,30921.0,1054753.0,2019-08-02
386,25057.0,31068.0,247514.0,624996.0,24835.0,29257.0,27859.0,30846.0,1041432.0,2019-08-05
387,24946.0,31019.0,248676.0,606273.0,23917.0,29347.0,27498.0,30161.0,1021837.0,2019-08-06
388,24958.0,31089.0,247981.0,612056.0,24050.0,29447.0,27730.0,30370.0,1027681.0,2019-08-07
389,24938.0,31100.0,248449.0,612622.0,24037.0,29550.0,27756.0,30626.0,1029078.0,2019-08-08
390,25023.0,31198.0,248997.0,623338.0,24342.0,29417.0,27957.0,31037.0,1041309.0,2019-08-09
391,24734.0,31268.0,250093.0,609832.0,23896.0,29316.0,27603.0,30684.0,1027426.0,2019-08-13
392,24950.0,31207.0,250240.0,622003.0,24066.0,29556.0,27973.0,30961.0,1040956.0,2019-08-14
393,24690.0,31291.0,252217.0,604171.0,23787.0,29585.0,27631.0,30511.0,1023883.0,2019-08-15
394,24713.0,31247.0,254876.0,604575.0,23811.0,29748.0,27746.0,30729.0,1027445.0,2019-08-16
395,24867.0,31217.0,255478.0,614442.0,24063.0,29766.0,27891.0,31111.0,1038835.0,2019-08-19
396,25072.0,31233.0,256186.0,622812.0,24267.0,29677.0,27700.0,31420.0,1048367.0,2019-08-20
397,24916.0,31258.0,255384.0,617111.0,24281.0,29696.0,27688.0,31143.0,1041477.0,2019-08-21
398,24927.0,31249.0,255478.0,623783.0,24432.0,29727.0,27880.0,31291.0,1048767.0,2019-08-22
399,24997.0,31214.0,255825.0,622934.0,24220.0,29675.0,27797.0,31424.0,1048086.0,2019-08-23
400,24594.0,31340.0,255598.0,601906.0,23740.0,29381.0,27290.0,30659.0,1024508.0,2019-08-26
401,24785.0,31300.0,254435.0,610236.0,23708.0,29539.0,27494.0,31024.0,1032521.0,2019-08-27
402,24798.0,31307.0,256533.0,609023.0,23772.0,29632.0,27395.0,30923.0,1033383.0,2019-08-28
403,24802.0,31366.0,257041.0,613107.0,23859.0,29780.0,27430.0,31091.0,1038476.0,2019-08-29
404,25162.0,31342.0,256907.0,622408.0,24111.0,29810.0,27526.0,31411.0,1048677.0,2019-08-30
405,25050.0,31326.0,256480.0,621316.0,24334.0,29647.0,27479.0,31375.0,1047007.0,2019-09-02
406,25145.0,31370.0,256039.0,622246.0,24344.0,29668.0,27493.0,31391.0,1047696.0,2019-09-03
407,25078.0,31393.0,258297.0,616908.0,24071.0,29656.0,27547.0,31465.0,1044415.0,2019-09-04
408,25536.0,31324.0,259420.0,627382.0,24623.0,29862.0,27938.0,31937.0,1058022.0,2019-09-05
409,25581.0,31207.0,261464.0,638219.0,25039.0,29809.0,28094.0,31991.0,1071404.0,2019-09-06
410,25815.0,31214.0,263883.0,638421.0,25145.0,29872.0,28162.0,32025.0,1074537.0,2019-09-09
411,25929.0,31093.0,261865.0,641252.0,25336.0,29907.0,28256.0,32173.0,1075811.0,2019-09-10
412,26356.0,31054.0,259526.0,642869.0,25346.0,29838.0,28324.0,32047.0,1075360.0,2019-09-11
413,26546.0,31065.0,258417.0,649662.0,25680.0,29911.0,28401.0,32305.0,1081987.0,2019-09-12
414,26792.0,30921.0,261972.0,652978.0,25863.0,29959.0,28668.0,32387.0,1089540.0,2019-09-13
415,26872.0,30917.0,260368.0,650269.0,25903.0,29831.0,28558.0,32314.0,1085032.0,2019-09-17
416,26738.0,30991.0,260048.0,652250.0,25755.0,29907.0,28549.0,32591.0,1086829.0,2019-09-18
417,26890.0,31075.0,261357.0,652857.0,25821.0,29999.0,28604.0,32562.0,1089165.0,2019-09-19
418,26900.0,31012.0,263375.0,652048.0,25625.0,29947.0,28495.0,32499.0,1089901.0,2019-09-20
419,27011.0,31054.0,262947.0,645983.0,25532.0,29927.0,28352.0,32380.0,1083186.0,2019-09-24
420,26963.0,31065.0,265807.0,638744.0,25277.0,29881.0,28188.0,32175.0,1078100.0,2019-09-25
421,27015.0,31063.0,267170.0,643193.0,25304.0,29853.0,28289.0,32441.0,1084328.0,2019-09-26
422,26953.0,31070.0,269348.0,643273.0,25381.0,29904.0,28261.0,32726.0,1086916.0,2019-09-27
423,26678.0,31003.0,268960.0,642384.0,25217.0,29954.0,28263.0,32686.0,1085145.0,2019-09-30
424,26936.0,30823.0,267330.0,645983.0,25293.0,29970.0,28363.0,32787.0,1087485.0,2019-10-01
425,26819.0,30914.0,268332.0,636359.0,25108.0,29908.0,28114.0,32411.0,1077965.0,2019-10-02
426,26357.0,31007.0,269161.0,620346.0,24750.0,29761.0,28043.0,32079.0,1061504.0,2019-10-03
427,26425.0,31037.0,271994.0,622610.0,24814.0,29844.0,28230.0,32269.0,1067223.0,2019-10-04
428,26423.0,31049.0,272675.0,629444.0,24859.0,29849.0,28324.0,32409.0,1075032.0,2019-10-07
429,26655.0,30977.0,275281.0,632072.0,24906.0,29941.0,28338.0,32578.0,1080748.0,2019-10-08
430,26573.0,30986.0,277526.0,621720.0,24819.0,29883.0,28244.0,32321.0,1072072.0,2019-10-09
431,26570.0,31003.0,274933.0,627948.0,24890.0,29881.0,28357.0,32431.0,1076013.0,2019-10-10
432,26803.0,30926.0,274786.0,637248.0,25201.0,30003.0,28668.0,32703.0,1086338.0,2019-10-11
433,27221.0,30914.0,274345.0,646427.0,25765.0,30074.0,28822.0,32935.0,1096503.0,2019-10-15
434,27410.0,30898.0,277245.0,654353.0,25882.0,30117.0,28808.0,33178.0,1107891.0,2019-10-16
435,27286.0,30891.0,276550.0,654232.0,26052.0,30175.0,28859.0,33281.0,1107326.0,2019-10-17
436,27250.0,30863.0,275602.0,656011.0,26144.0,30244.0,28930.0,33389.0,1108433.0,2019-10-18
437,27363.0,30821.0,278421.0,652857.0,26001.0,30214.0,29056.0,33486.0,1108219.0,2019-10-21
438,27522.0,30837.0,278434.0,654394.0,26192.0,30111.0,29102.0,33662.0,1110254.0,2019-10-23
439,27616.0,30875.0,277085.0,657588.0,26232.0,30230.0,29267.0,33830.0,1112723.0,2019-10-24
440,27696.0,30856.0,277031.0,659731.0,26343.0,30230.0,29241.0,33808.0,1114936.0,2019-10-25
441,27694.0,30833.0,276951.0,662238.0,26380.0,30138.0,29353.0,33569.0,1117156.0,2019-10-28
442,27935.0,30775.0,278221.0,666686.0,26582.0,30120.0,29437.0,33545.0,1123301.0,2019-10-29
443,27993.0,30812.0,277045.0,665352.0,26542.0,30128.0,29351.0,33571.0,1120794.0,2019-10-30
444,28014.0,30877.0,277766.0,667819.0,26574.0,30239.0,29311.0,33788.0,1124388.0,2019-10-31
445,28006.0,30991.0,278956.0,660297.0,26280.0,30160.0,29005.0,33459.0,1117154.0,2019-11-01
446,28472.0,30870.0,279236.0,673844.0,27064.0,30177.0,29400.0,33531.0,1132594.0,2019-11-05
447,28475.0,30756.0,275802.0,674733.0,27316.0,30083.0,29446.0,33180.0,1129791.0,2019-11-06
448,28540.0,30758.0,276230.0,674329.0,27218.0,30119.0,29302.0,33158.0,1129654.0,2019-11-07
449,28615.0,30668.0,269107.0,679303.0,27483.0,30003.0,29433.0,33045.0,1127657.0,2019-11-08
450,28635.0,30679.0,268239.0,678332.0,27144.0,29908.0,29168.0,32784.0,1124889.0,2019-11-11
451,28732.0,30602.0,262974.0,677685.0,26895.0,29895.0,29157.0,32847.0,1118787.0,2019-11-12
452,28571.0,30637.0,260636.0,677281.0,26847.0,29838.0,28901.0,32531.0,1115242.0,2019-11-13
453,28302.0,30707.0,262279.0,676068.0,26558.0,29861.0,28791.0,32654.0,1115220.0,2019-11-14
454,28510.0,30686.0,265513.0,675057.0,26486.0,29916.0,28756.0,32843.0,1117767.0,2019-11-15
455,28577.0,30733.0,267678.0,681486.0,26696.0,30006.0,29014.0,33102.0,1127292.0,2019-11-18
456,28508.0,30747.0,270804.0,680192.0,26675.0,29965.0,28831.0,33189.0,1128911.0,2019-11-19
457,28415.0,30798.0,275735.0,680516.0,26829.0,30006.0,28867.0,33293.0,1134459.0,2019-11-20
458,28386.0,30821.0,275561.0,676715.0,26640.0,29999.0,28801.0,33066.0,1129989.0,2019-11-21
459,28420.0,30730.0,273544.0,676755.0,26579.0,30011.0,28916.0,32749.0,1127704.0,2019-11-22
460,28615.0,30733.0,273103.0,678777.0,26680.0,30030.0,28915.0,32751.0,1129604.0,2019-11-25
461,28660.0,30779.0,274827.0,685530.0,26874.0,30097.0,28878.0,32974.0,1138619.0,2019-11-26
462,28750.0,30840.0,276524.0,687552.0,26775.0,30172.0,28852.0,33333.0,1142798.0,2019-11-27
463,28701.0,30782.0,276296.0,691798.0,26950.0,30206.0,28867.0,33594.0,1147194.0,2019-11-28
464,28553.0,30768.0,275187.0,692688.0,26940.0,30249.0,28920.0,33662.0,1146967.0,2019-11-29
465,28808.0,30691.0,273891.0,690585.0,26667.0,30291.0,28981.0,33565.0,1143479.0,2019-12-02
466,28676.0,30644.0,271499.0,681567.0,26537.0,30065.0,28897.0,33009.0,1130894.0,2019-12-03
467,28618.0,30693.0,270791.0,673439.0,26296.0,30120.0,28738.0,32917.0,1121612.0,2019-12-04
468,28756.0,30712.0,270350.0,679950.0,26386.0,30120.0,28922.0,33110.0,1128306.0,2019-12-05
469,28789.0,30635.0,270671.0,680354.0,26561.0,30077.0,28983.0,33165.0,1129235.0,2019-12-06
470,28935.0,30614.0,269802.0,684843.0,26659.0,29929.0,29012.0,33207.0,1133001.0,2019-12-09
471,28912.0,30656.0,269629.0,683387.0,26683.0,30002.0,29067.0,33288.0,1131624.0,2019-12-10
472,28813.0,30612.0,267638.0,683387.0,26696.0,30048.0,29082.0,33164.0,1129440.0,2019-12-11
473,28777.0,30654.0,267464.0,684560.0,26889.0,30116.0,29184.0,32703.0,1130347.0,2019-12-12
474,29234.0,30651.0,263682.0,697055.0,27497.0,30337.0,29571.0,32596.0,1140623.0,2019-12-13
475,29180.0,30679.0,261718.0,696974.0,27802.0,30361.0,29547.0,32483.0,1138744.0,2019-12-16
476,29354.0,30649.0,261745.0,703727.0,27886.0,30321.0,29701.0,32730.0,1146113.0,2019-12-17
477,29204.0,30649.0,261344.0,702999.0,28228.0,30328.0,29685.0,32441.0,1144878.0,2019-12-18
478,29166.0,30630.0,262787.0,703565.0,28456.0,30275.0,29737.0,32712.0,1147328.0,2019-12-19
479,29114.0,30575.0,261504.0,704091.0,28334.0,30177.0,29682.0,32818.0,1146295.0,2019-12-20
480,29053.0,30579.0,262506.0,707002.0,28353.0,30126.0,29647.0,32937.0,1150203.0,2019-12-23
481,29033.0,30570.0,263589.0,708094.0,28456.0,30129.0,29711.0,32821.0,1152403.0,2019-12-24
482,28918.0,30635.0,265620.0,707407.0,28377.0,30119.0,29746.0,32866.0,1153688.0,2019-12-25
483,29083.0,30630.0,267718.0,709065.0,28448.0,30202.0,29821.0,32944.0,1157911.0,2019-12-26
484,29159.0,30635.0,267424.0,712663.0,28552.0,30248.0,29889.0,33119.0,1161689.0,2019-12-27
485,28959.0,30675.0,267063.0,713553.0,28687.0,30386.0,30005.0,33288.0,1162616.0,2019-12-30
486,28554.0,30705.0,267731.0,702999.0,28382.0,30062.0,29575.0,32893.0,1150901.0,2020-01-06
487,29019.0,30630.0,266622.0,706719.0,28234.0,30165.0,29716.0,33000.0,1154105.0,2020-01-07
488,28620.0,30663.0,263629.0,701462.0,28120.0,29916.0,29423.0,32573.0,1144406.0,2020-01-08
489,29087.0,30635.0,265085.0,712663.0,28454.0,30172.0,29909.0,33007.0,1159012.0,2020-01-09
490,29187.0,30621.0,265486.0,718931.0,28931.0,30251.0,29998.0,33063.0,1166468.0,2020-01-10
491,29277.0,30582.0,265887.0,725442.0,29520.0,30453.0,30214.0,33716.0,1175091.0,2020-01-14
492,29118.0,30586.0,265085.0,723905.0,29398.0,30426.0,30155.0,33590.0,1172263.0,2020-01-15
493,29078.0,30582.0,266889.0,725482.0,29278.0,30526.0,30153.0,33875.0,1175863.0,2020-01-16
494,29191.0,30595.0,268533.0,732599.0,29451.0,30600.0,30188.0,34309.0,1185466.0,2020-01-17
495,29338.0,30568.0,270003.0,734419.0,29575.0,30482.0,30204.0,34304.0,1188893.0,2020-01-20
496,29183.0,30633.0,269214.0,734621.0,29543.0,30514.0,30183.0,34291.0,1188182.0,2020-01-21
497,29336.0,30626.0,271473.0,730375.0,28957.0,30487.0,30057.0,34395.0,1185706.0,2020-01-22
498,29106.0,30689.0,271954.0,729404.0,29111.0,30475.0,30117.0,34188.0,1185044.0,2020-01-23
499,29106.0,30693.0,273049.0,727423.0,28775.0,30505.0,30041.0,34338.0,1183930.0,2020-01-24
500,28637.0,30770.0,271994.0,720225.0,28528.0,30396.0,29867.0,34113.0,1174530.0,2020-01-27
501,28463.0,30747.0,272381.0,706841.0,28024.0,30475.0,29610.0,33814.0,1160355.0,2020-01-28
502,28593.0,30758.0,273477.0,714524.0,28075.0,30469.0,29675.0,33918.0,1169489.0,2020-01-29
503,28171.0,30805.0,274680.0,713957.0,27939.0,30531.0,29701.0,33866.0,1169650.0,2020-01-30
504,28331.0,30796.0,276483.0,714362.0,27391.0,30618.0,29591.0,33861.0,1171433.0,2020-01-31
505,28132.0,30779.0,273784.0,700613.0,26876.0,30580.0,29397.0,33376.0,1153537.0,2020-02-03
506,28331.0,30747.0,273998.0,704576.0,26940.0,30552.0,29481.0,33401.0,1158026.0,2020-02-04
507,28627.0,30698.0,275374.0,720751.0,27780.0,30661.0,29814.0,33985.0,1177690.0,2020-02-05
508,29220.0,30665.0,274733.0,730011.0,28043.0,30634.0,29968.0,34100.0,1187374.0,2020-02-06
509,29137.0,30733.0,276323.0,733125.0,28311.0,30643.0,29868.0,34224.0,1192364.0,2020-02-07
510,28924.0,30786.0,275775.0,727463.0,27966.0,30621.0,29657.0,34080.0,1185272.0,2020-02-10
511,28912.0,30742.0,277539.0,734944.0,28258.0,30644.0,29821.0,34511.0,1195371.0,2020-02-12
512,28814.0,30721.0,278074.0,739514.0,28536.0,30585.0,29847.0,34664.0,1200755.0,2020-02-13
513,28640.0,30709.0,278635.0,738301.0,28433.0,30566.0,29806.0,34856.0,1199946.0,2020-02-14
514,28388.0,30749.0,278314.0,738745.0,28435.0,30582.0,29882.0,35204.0,1200299.0,2020-02-17
515,28016.0,30798.0,279704.0,739473.0,28470.0,30585.0,29818.0,35208.0,1202072.0,2020-02-18
516,28119.0,30772.0,279851.0,737290.0,28202.0,30606.0,29783.0,35222.0,1199845.0,2020-02-19
517,28164.0,30770.0,280826.0,750593.0,28761.0,30983.0,30178.0,35265.0,1215540.0,2020-02-20
518,28153.0,30821.0,280038.0,752615.0,28714.0,31262.0,30150.0,35851.0,1217604.0,2020-02-21
519,27217.0,30898.0,276911.0,714160.0,27393.0,31176.0,29734.0,35017.0,1172506.0,2020-02-25
520,27010.0,30858.0,272862.0,691879.0,27226.0,31098.0,29526.0,33970.0,1144429.0,2020-02-26
521,26377.0,30879.0,268025.0,689331.0,26913.0,31113.0,29447.0,33594.0,1135679.0,2020-02-27
522,25416.0,31033.0,253019.0,658073.0,26394.0,30975.0,28981.0,31833.0,1085724.0,2020-02-28
523,25661.0,31000.0,252404.0,637734.0,25338.0,30707.0,28263.0,30462.0,1061569.0,2020-03-02
524,25315.0,30914.0,254449.0,663209.0,25848.0,31014.0,28749.0,31521.0,1091019.0,2020-03-03
525,25276.0,30979.0,258230.0,647438.0,25832.0,30917.0,28694.0,31364.0,1078730.0,2020-03-04
526,25502.0,30870.0,264243.0,669194.0,26123.0,30968.0,28860.0,32395.0,1108155.0,2020-03-05
527,24758.0,30977.0,256213.0,644608.0,25826.0,30760.0,28263.0,31492.0,1072897.0,2020-03-06
528,23366.0,31084.0,239803.0,606395.0,24037.0,29993.0,26759.0,29736.0,1011173.0,2020-03-09
529,23666.0,30844.0,238761.0,567130.0,22889.0,30640.0,26720.0,27993.0,968643.0,2020-03-10
530,23303.0,30886.0,239256.0,594102.0,23724.0,30675.0,27182.0,29158.0,998286.0,2020-03-11
531,22334.0,30816.0,223648.0,568748.0,23135.0,30459.0,26558.0,27554.0,953252.0,2020-03-12
532,21206.0,30658.0,200197.0,513511.0,21690.0,30154.0,25742.0,24836.0,867994.0,2020-03-13
533,20800.0,30612.0,194184.0,558881.0,22327.0,30281.0,26163.0,26691.0,909939.0,2020-03-16
534,21335.0,30633.0,191926.0,500207.0,20731.0,30273.0,25398.0,22194.0,842697.0,2020-03-17
535,21384.0,30523.0,176305.0,526451.0,20821.0,29919.0,25398.0,22970.0,853771.0,2020-03-18
536,21602.0,30421.0,143634.0,504655.0,20049.0,29654.0,24774.0,20984.0,795773.0,2020-03-19
537,21743.0,30477.0,163370.0,503199.0,20704.0,30524.0,24877.0,21004.0,815898.0,2020-03-23
538,22445.0,30528.0,184269.0,487591.0,19681.0,30974.0,24526.0,19958.0,819972.0,2020-03-24
539,23974.0,30528.0,205355.0,534295.0,20913.0,31018.0,24945.0,21823.0,892851.0,2020-03-25
540,23548.0,30556.0,198126.0,544324.0,21757.0,31029.0,25274.0,22880.0,897494.0,2020-03-26
541,24565.0,30533.0,193075.0,564178.0,21810.0,30917.0,25366.0,23725.0,914169.0,2020-03-27
542,24454.0,30575.0,197244.0,539431.0,21200.0,30784.0,24923.0,23491.0,892102.0,2020-03-30
543,23904.0,30533.0,200224.0,559083.0,21226.0,30977.0,24963.0,23830.0,914740.0,2020-03-31
544,23010.0,30584.0,188050.0,549783.0,21385.0,30625.0,24834.0,23421.0,891692.0,2020-04-01
545,22653.0,30633.0,184055.0,526693.0,20781.0,30549.0,24477.0,22030.0,861871.0,2020-04-02
546,22571.0,30626.0,180314.0,537733.0,21226.0,30609.0,24596.0,21933.0,869608.0,2020-04-03
547,23445.0,30568.0,178149.0,534093.0,21192.0,30816.0,24493.0,21640.0,864396.0,2020-04-06
548,23913.0,30542.0,193436.0,567616.0,21865.0,30762.0,24799.0,23232.0,916165.0,2020-04-07
549,24270.0,30528.0,195734.0,568424.0,22361.0,30592.0,25033.0,23646.0,920588.0,2020-04-08
550,24143.0,30502.0,194358.0,584963.0,22401.0,30738.0,25321.0,24944.0,937370.0,2020-04-09
551,24358.0,30542.0,194224.0,592242.0,22571.0,30788.0,25471.0,26264.0,946460.0,2020-04-10
552,23951.0,30521.0,194371.0,590301.0,22510.0,30708.0,25449.0,26178.0,943989.0,2020-04-13
553,24421.0,30493.0,194665.0,583184.0,22295.0,30518.0,25321.0,25166.0,936063.0,2020-04-14
554,24430.0,30482.0,193195.0,595315.0,22565.0,30417.0,25438.0,25557.0,947399.0,2020-04-15
555,24227.0,30505.0,194758.0,582537.0,22398.0,30561.0,25237.0,24611.0,934834.0,2020-04-16
556,24570.0,30451.0,197832.0,586783.0,22427.0,30683.0,25387.0,24316.0,942449.0,2020-04-17
557,24401.0,30472.0,199756.0,602149.0,22822.0,30622.0,25464.0,25108.0,960794.0,2020-04-20
558,24120.0,30484.0,193449.0,594183.0,22711.0,30536.0,25440.0,24226.0,945149.0,2020-04-21
559,23963.0,30568.0,192019.0,575703.0,22186.0,30548.0,25276.0,23734.0,923997.0,2020-04-22
560,24291.0,30595.0,198126.0,587389.0,22457.0,30396.0,25239.0,23945.0,942438.0,2020-04-23
561,24209.0,30614.0,194665.0,587592.0,22491.0,30417.0,25171.0,23772.0,938931.0,2020-04-24
562,24652.0,30616.0,199101.0,592282.0,22236.0,30520.0,25071.0,23821.0,948299.0,2020-04-27
563,24686.0,30654.0,196790.0,600774.0,22547.0,30428.0,25028.0,24570.0,955477.0,2020-04-28
564,24932.0,30628.0,198353.0,613673.0,23117.0,30426.0,25492.0,25450.0,972071.0,2020-04-30
565,24375.0,30602.0,196870.0,609306.0,23228.0,30704.0,25615.0,25290.0,965990.0,2020-05-01
566,24298.0,30547.0,197952.0,590260.0,22372.0,29965.0,25148.0,23673.0,944215.0,2020-05-07
567,24836.0,30544.0,208281.0,598793.0,22430.0,30203.0,25342.0,24105.0,964534.0,2020-05-08
568,25219.0,30509.0,211408.0,610924.0,22886.0,30356.0,25672.0,24714.0,981688.0,2020-05-11
569,25148.0,30551.0,206811.0,613229.0,23058.0,30324.0,25683.0,24462.0,979266.0,2020-05-12
570,25117.0,30540.0,201881.0,602675.0,22825.0,30352.0,25632.0,23349.0,962371.0,2020-05-13
571,24631.0,30547.0,199662.0,590260.0,22806.0,30318.0,25529.0,22731.0,946484.0,2020-05-14
572,24760.0,30519.0,195386.0,595153.0,22753.0,30491.0,25742.0,22852.0,947656.0,2020-05-15
573,24855.0,30544.0,197057.0,596285.0,22669.0,30359.0,25700.0,22729.0,950198.0,2020-05-18
574,25308.0,30514.0,200424.0,617555.0,23058.0,30451.0,26051.0,24046.0,977407.0,2020-05-19
575,25453.0,30533.0,202589.0,617232.0,23453.0,30716.0,26257.0,24098.0,980331.0,2020-05-20
576,25395.0,30568.0,203097.0,625077.0,23578.0,30741.0,26488.0,24195.0,989139.0,2020-05-21
577,25164.0,30575.0,203765.0,620184.0,23541.0,30753.0,26729.0,24186.0,984897.0,2020-05-22
578,25582.0,30521.0,206905.0,619456.0,22913.0,30667.0,26628.0,24200.0,986872.0,2020-05-25
579,26137.0,30519.0,209390.0,622610.0,23085.0,30733.0,26740.0,24316.0,993530.0,2020-05-26
580,26388.0,30533.0,210954.0,629889.0,23408.0,30667.0,27019.0,25277.0,1004135.0,2020-05-27
581,26864.0,30535.0,210900.0,640321.0,23528.0,30877.0,27164.0,25746.0,1015935.0,2020-05-28
582,26626.0,30493.0,214588.0,639877.0,23374.0,30845.0,27075.0,25688.0,1018566.0,2020-05-29
583,26715.0,30486.0,210914.0,642262.0,23647.0,31052.0,27246.0,25486.0,1017808.0,2020-06-01
584,27037.0,30484.0,214682.0,646185.0,24079.0,30986.0,27396.0,26057.0,1026906.0,2020-06-02
585,27232.0,30470.0,218851.0,660580.0,24808.0,31422.0,28076.0,26720.0,1048159.0,2020-06-03
586,27313.0,30412.0,214829.0,672267.0,25293.0,31320.0,28277.0,27669.0,1057380.0,2020-06-04
587,27459.0,30365.0,216913.0,672429.0,25397.0,31486.0,28270.0,27658.0,1059977.0,2020-06-05
588,27769.0,30361.0,221163.0,690989.0,25879.0,31490.0,28478.0,28814.0,1084943.0,2020-06-08
589,27730.0,30437.0,221831.0,688199.0,25710.0,31158.0,28162.0,29076.0,1082303.0,2020-06-09
590,27663.0,30433.0,222178.0,681365.0,25622.0,31146.0,28017.0,28508.0,1074932.0,2020-06-10
591,27055.0,30484.0,215510.0,674248.0,25511.0,31052.0,27873.0,27556.0,1059289.0,2020-06-11
592,26742.0,30451.0,216526.0,635146.0,24869.0,30946.0,27375.0,25821.0,1017876.0,2020-06-12
593,26061.0,30486.0,206317.0,644042.0,24898.0,31060.0,27520.0,26725.0,1017109.0,2020-06-15
594,27129.0,30426.0,215497.0,649622.0,24509.0,31229.0,27617.0,27012.0,1033041.0,2020-06-16
595,27025.0,30423.0,217114.0,662360.0,25002.0,31093.0,27430.0,27593.0,1048040.0,2020-06-17
596,26952.0,30423.0,217127.0,658316.0,24999.0,30914.0,27271.0,27145.0,1043147.0,2020-06-18
597,26950.0,30414.0,212504.0,658154.0,25057.0,30940.0,27183.0,26922.0,1038124.0,2020-06-19
598,26883.0,30428.0,212611.0,654919.0,25174.0,30848.0,27230.0,26237.0,1034330.0,2020-06-22
599,27023.0,30421.0,213372.0,659974.0,25251.0,31091.0,27395.0,26329.0,1040856.0,2020-06-23
600,26906.0,30409.0,215243.0,661874.0,25498.0,30984.0,27428.0,26156.0,1044498.0,2020-06-24
601,26592.0,30412.0,212130.0,647519.0,25455.0,31106.0,27302.0,25677.0,1026193.0,2020-06-25
602,26856.0,30414.0,215697.0,653464.0,25394.0,31115.0,27363.0,25886.0,1036189.0,2020-06-26
603,26416.0,30412.0,210032.0,642343.0,25262.0,31187.0,27232.0,25548.0,1018432.0,2020-06-29
604,26577.0,30368.0,210874.0,652736.0,25275.0,31326.0,27391.0,25965.0,1030512.0,2020-06-30
605,26232.0,30312.0,211221.0,663128.0,25399.0,31422.0,27435.0,26257.0,1041406.0,2020-07-01
606,26304.0,30307.0,214909.0,662441.0,25405.0,31198.0,27428.0,26691.0,1044683.0,2020-07-02
607,26467.0,30363.0,214041.0,668344.0,25999.0,31262.0,27468.0,26745.0,1050689.0,2020-07-03
608,26887.0,30316.0,213453.0,668344.0,26269.0,31334.0,27437.0,26747.0,1050787.0,2020-07-06
609,26794.0,30333.0,214254.0,677564.0,26905.0,31315.0,27424.0,26677.0,1061266.0,2020-07-07
610,26546.0,30412.0,213559.0,672914.0,26757.0,31406.0,27292.0,26176.0,1055062.0,2020-07-08
611,26547.0,30426.0,213212.0,674693.0,27189.0,31404.0,27403.0,26028.0,1056902.0,2020-07-09
612,26173.0,30423.0,210606.0,669113.0,27319.0,31336.0,27369.0,25722.0,1048061.0,2020-07-10
613,26817.0,30358.0,211315.0,674086.0,27025.0,31302.0,27412.0,25798.0,1054113.0,2020-07-13
614,26682.0,30374.0,210927.0,673399.0,27139.0,31386.0,27442.0,25798.0,1053147.0,2020-07-14
615,27099.0,30361.0,211822.0,680314.0,26961.0,31556.0,27554.0,25904.0,1061571.0,2020-07-15
616,26919.0,30391.0,209885.0,685935.0,26980.0,31444.0,27442.0,26115.0,1065111.0,2020-07-16
617,26831.0,30409.0,210299.0,684681.0,26585.0,31521.0,27496.0,25801.0,1063623.0,2020-07-17
618,26884.0,30379.0,209724.0,688725.0,26852.0,31605.0,27508.0,26135.0,1067812.0,2020-07-20
619,26982.0,30414.0,209631.0,693375.0,27067.0,31648.0,27515.0,25760.0,1072392.0,2020-07-21
620,26815.0,30412.0,211368.0,693658.0,27505.0,31676.0,27725.0,25888.0,1075047.0,2020-07-22
621,26878.0,30405.0,212517.0,677160.0,26606.0,31613.0,27531.0,25704.0,1058414.0,2020-07-27
622,26747.0,30414.0,211956.0,679222.0,26805.0,31613.0,27597.0,25742.0,1060096.0,2020-07-28
623,26402.0,30447.0,212958.0,674329.0,26945.0,31527.0,27437.0,26142.0,1056187.0,2020-07-29
624,26240.0,30447.0,211555.0,681325.0,27059.0,31572.0,27447.0,26590.0,1062235.0,2020-07-30
625,25502.0,30468.0,211341.0,674370.0,26855.0,31631.0,27314.0,26432.0,1053913.0,2020-07-31
626,25952.0,30426.0,210860.0,684519.0,27096.0,31915.0,27538.0,26801.0,1065107.0,2020-08-03
627,26511.0,30442.0,214174.0,691232.0,27112.0,31921.0,27484.0,26506.0,1075382.0,2020-08-04
628,26500.0,30461.0,215230.0,690989.0,27308.0,31907.0,27363.0,26812.0,1076570.0,2020-08-05
629,26417.0,30440.0,212798.0,695518.0,27587.0,31910.0,27423.0,26787.0,1078880.0,2020-08-06
630,26363.0,30451.0,212210.0,697863.0,27703.0,31971.0,27358.0,26806.0,1080725.0,2020-08-07
631,27027.0,30400.0,212704.0,701665.0,27319.0,31910.0,27229.0,27325.0,1085579.0,2020-08-11
632,27364.0,30354.0,212811.0,702878.0,27563.0,31895.0,27416.0,27190.0,1087471.0,2020-08-12
633,27680.0,30365.0,214468.0,714362.0,27703.0,31979.0,27493.0,27406.0,1101456.0,2020-08-13
634,27667.0,30316.0,213813.0,714685.0,27791.0,31964.0,27596.0,27154.0,1100986.0,2020-08-14
635,27434.0,30330.0,214455.0,710237.0,27613.0,31900.0,27541.0,27042.0,1096552.0,2020-08-17
636,27453.0,30344.0,216940.0,708984.0,27584.0,31805.0,27157.0,27068.0,1097335.0,2020-08-18
637,27502.0,30365.0,214575.0,706194.0,27560.0,31735.0,27126.0,26742.0,1091799.0,2020-08-19
638,27254.0,30347.0,215283.0,709469.0,27616.0,31849.0,27313.0,26482.0,1095613.0,2020-08-20
639,27336.0,30330.0,220254.0,707649.0,27133.0,31839.0,27210.0,26734.0,1098485.0,2020-08-21
640,27388.0,30368.0,220147.0,708579.0,27385.0,31766.0,27120.0,26761.0,1099514.0,2020-08-24
641,27698.0,30372.0,221604.0,717516.0,27860.0,31809.0,27224.0,27035.0,1111118.0,2020-08-25
642,27682.0,30340.0,220789.0,722732.0,28159.0,31881.0,27391.0,27210.0,1116184.0,2020-08-26
643,27536.0,30342.0,221671.0,726291.0,28125.0,31710.0,27197.0,26904.0,1119776.0,2020-08-27
644,27355.0,30291.0,221964.0,730820.0,28247.0,31817.0,27339.0,27365.0,1125198.0,2020-08-28
645,27581.0,30323.0,223234.0,726089.0,28067.0,31591.0,27356.0,27239.0,1121480.0,2020-08-31
646,27542.0,30330.0,219225.0,728677.0,27661.0,31805.0,27416.0,27177.0,1119833.0,2020-09-01
647,27672.0,30330.0,220361.0,733084.0,28125.0,31872.0,27608.0,27131.0,1126183.0,2020-09-02
648,27804.0,30349.0,223515.0,743800.0,28186.0,31956.0,27489.0,27622.0,1140721.0,2020-09-03
649,27553.0,30337.0,222071.0,721357.0,27900.0,31990.0,27477.0,27399.0,1116084.0,2020-09-04
650,27435.0,30321.0,218303.0,715292.0,27725.0,31884.0,27543.0,27282.0,1105785.0,2020-09-07
651,27628.0,30347.0,218904.0,717071.0,27600.0,31802.0,27463.0,27267.0,1108082.0,2020-09-08
652,27361.0,30372.0,218116.0,697176.0,27306.0,31710.0,27234.0,26866.0,1086141.0,2020-09-09
653,27695.0,30370.0,218196.0,712583.0,27388.0,31775.0,27541.0,27102.0,1102650.0,2020-09-10
654,27895.0,30405.0,216446.0,702554.0,27300.0,31763.0,27442.0,26770.0,1090575.0,2020-09-11
655,28142.0,30407.0,216820.0,703039.0,27494.0,31852.0,27500.0,26608.0,1091862.0,2020-09-14
656,27966.0,30414.0,219359.0,708175.0,27711.0,31780.0,27479.0,27084.0,1099968.0,2020-09-15
657,28026.0,30407.0,222152.0,709873.0,27807.0,31633.0,27430.0,27203.0,1104531.0,2020-09-16
658,27925.0,30419.0,222245.0,705142.0,27836.0,31492.0,27421.0,27278.0,1099758.0,2020-09-17
659,28062.0,30416.0,216379.0,699117.0,27589.0,31551.0,27381.0,26925.0,1087420.0,2020-09-18
660,28025.0,30433.0,216112.0,687188.0,27019.0,31409.0,26928.0,25758.0,1072872.0,2020-09-23
661,27721.0,30421.0,218210.0,677443.0,26935.0,31453.0,26680.0,25225.0,1064088.0,2020-09-24
662,27854.0,30414.0,221617.0,677968.0,26555.0,31484.0,26754.0,25299.0,1067945.0,2020-09-25
663,28328.0,30377.0,223167.0,684802.0,26516.0,31406.0,26579.0,25645.0,1076820.0,2020-09-28
664,28494.0,30395.0,223515.0,696812.0,26781.0,31480.0,26476.0,26277.0,1090230.0,2020-09-29
665,27931.0,30405.0,221016.0,697459.0,26876.0,31728.0,26647.0,26109.0,1088171.0,2020-09-30
666,27933.0,30391.0,221016.0,698996.0,27157.0,31576.0,26757.0,26124.0,1089950.0,2020-10-01
667,27650.0,30409.0,219880.0,703282.0,27229.0,31609.0,26872.0,26668.0,1093599.0,2020-10-02
668,28132.0,30391.0,222953.0,698551.0,27136.0,31615.0,26837.0,27068.0,1092683.0,2020-10-05
669,28279.0,30351.0,224503.0,711208.0,27425.0,31618.0,27037.0,27287.0,1107708.0,2020-10-06
670,28292.0,30358.0,223007.0,703161.0,27616.0,31551.0,26897.0,27197.0,1098079.0,2020-10-07
671,28446.0,30368.0,222539.0,715818.0,27942.0,31667.0,27054.0,27302.0,1111136.0,2020-10-08
672,28306.0,30365.0,221323.0,720993.0,28141.0,31703.0,27106.0,27694.0,1115631.0,2020-10-09
673,28238.0,30368.0,220628.0,725199.0,28207.0,31705.0,27196.0,27520.0,1119061.0,2020-10-12
674,28336.0,30361.0,221564.0,732437.0,28446.0,31636.0,27070.0,27547.0,1127397.0,2020-10-13
675,28247.0,30361.0,220067.0,728515.0,28467.0,31652.0,27033.0,27174.0,1121516.0,2020-10-14
676,28038.0,30381.0,218757.0,723703.0,28380.0,31642.0,26956.0,26826.0,1114683.0,2020-10-15
677,27795.0,30398.0,216259.0,719659.0,28037.0,31615.0,26860.0,26923.0,1107546.0,2020-10-16
678,28144.0,30391.0,217261.0,721883.0,28141.0,31658.0,26989.0,26628.0,1111095.0,2020-10-19
679,27933.0,30414.0,214869.0,714968.0,28260.0,31740.0,27063.0,26372.0,1101619.0,2020-10-20
680,28138.0,30377.0,215136.0,716222.0,28387.0,31703.0,27138.0,26506.0,1103607.0,2020-10-21
681,27832.0,30381.0,215016.0,707851.0,28266.0,31446.0,26986.0,26288.0,1094066.0,2020-10-22
682,27925.0,30358.0,215978.0,710278.0,28247.0,31334.0,27016.0,26426.0,1097562.0,2020-10-23
683,27816.0,30370.0,212611.0,713715.0,28266.0,31421.0,27030.0,26558.0,1097787.0,2020-10-26
684,27793.0,30381.0,212651.0,701665.0,28149.0,31465.0,27005.0,26190.0,1085299.0,2020-10-27
685,27707.0,30388.0,210767.0,695761.0,28125.0,31388.0,26834.0,25641.0,1076611.0,2020-10-28
686,27682.0,30386.0,213092.0,672267.0,27775.0,31312.0,26637.0,25013.0,1054164.0,2020-10-29
687,27137.0,30351.0,209871.0,678090.0,27860.0,31254.0,26614.0,25241.0,1056418.0,2020-10-30
688,27630.0,30356.0,210753.0,671579.0,27460.0,31217.0,26637.0,25157.0,1050789.0,2020-11-02
689,27963.0,30363.0,214041.0,693213.0,27828.0,31275.0,26795.0,26302.0,1077780.0,2020-11-04
690,28353.0,30423.0,218276.0,706113.0,28226.0,31348.0,26944.0,26266.0,1095949.0,2020-11-05
691,28505.0,30414.0,217060.0,716384.0,28790.0,31306.0,27147.0,26336.0,1105942.0,2020-11-06
692,28908.0,30414.0,219185.0,714887.0,28971.0,31238.0,27372.0,26063.0,1107038.0,2020-11-09
693,29234.0,30365.0,219733.0,738179.0,29793.0,31452.0,28011.0,27730.0,1134497.0,2020-11-10
694,29721.0,30354.0,222659.0,738867.0,29467.0,31415.0,27949.0,28404.0,1138836.0,2020-11-11
695,29668.0,30372.0,220201.0,747035.0,29559.0,31474.0,27994.0,28566.0,1144869.0,2020-11-12
696,29274.0,30379.0,217635.0,737249.0,29482.0,31484.0,27790.0,28051.0,1131344.0,2020-11-13
697,29766.0,30384.0,216392.0,742830.0,29655.0,31478.0,27800.0,28546.0,1136851.0,2020-11-16
698,29814.0,30386.0,217341.0,750270.0,29893.0,31446.0,27863.0,29012.0,1146025.0,2020-11-17
699,29572.0,30419.0,216219.0,745539.0,29753.0,31377.0,27804.0,28917.0,1139600.0,2020-11-18
700,29670.0,30416.0,215297.0,739069.0,29761.0,31277.0,27755.0,28307.0,1131552.0,2020-11-19
701,29691.0,30437.0,215564.0,741050.0,29679.0,31367.0,27826.0,28344.0,1133958.0,2020-11-20
702,30293.0,30407.0,216352.0,746631.0,30344.0,31569.0,27915.0,28535.0,1142046.0,2020-11-24
703,30383.0,30412.0,216032.0,757589.0,30495.0,31593.0,28027.0,28784.0,1153315.0,2020-11-25
704,30566.0,30398.0,217007.0,756740.0,30283.0,31584.0,28069.0,28714.0,1153361.0,2020-11-26
705,30706.0,30381.0,218370.0,754880.0,30434.0,31535.0,27999.0,28636.0,1152941.0,2020-11-27
706,30165.0,30388.0,217167.0,756174.0,30395.0,31572.0,27950.0,28406.0,1152217.0,2020-11-30
707,30397.0,30402.0,219145.0,753909.0,29851.0,31615.0,27908.0,28157.0,1151384.0,2020-12-01
708,30494.0,30400.0,217381.0,763452.0,30387.0,31654.0,28237.0,28573.0,1160578.0,2020-12-02
709,30516.0,30402.0,217127.0,765798.0,30543.0,31714.0,28280.0,28458.0,1162838.0,2020-12-03
710,30527.0,30393.0,218744.0,762239.0,30641.0,31661.0,28256.0,28571.0,1161032.0,2020-12-04
711,30267.0,30402.0,216513.0,770125.0,30994.0,31652.0,28413.0,29063.0,1167429.0,2020-12-07
712,30233.0,30433.0,219065.0,769316.0,30999.0,31698.0,28404.0,28809.0,1168957.0,2020-12-08
713,30589.0,30437.0,218610.0,772187.0,31047.0,31793.0,28553.0,28730.0,1171946.0,2020-12-09
714,30531.0,30444.0,217942.0,767739.0,31108.0,31775.0,28546.0,28627.0,1166712.0,2020-12-10
715,30630.0,30442.0,219987.0,766647.0,31055.0,31821.0,28581.0,28440.0,1167603.0,2020-12-11
716,30777.0,30423.0,220762.0,764544.0,31110.0,31863.0,28597.0,28402.0,1166478.0,2020-12-14
717,30633.0,30444.0,220374.0,764302.0,30946.0,31916.0,28612.0,28386.0,1165613.0,2020-12-15
718,30716.0,30426.0,222459.0,768911.0,30880.0,31765.0,28632.0,28836.0,1172625.0,2020-12-16
719,30814.0,30433.0,222953.0,769842.0,31105.0,31688.0,28649.0,28820.0,1174304.0,2020-12-17
720,30827.0,30435.0,220695.0,774047.0,31259.0,31711.0,28745.0,29029.0,1176748.0,2020-12-18
721,30753.0,30419.0,219680.0,772349.0,31171.0,31671.0,28687.0,28398.0,1173128.0,2020-12-21
722,30275.0,30437.0,220642.0,766283.0,30885.0,31697.0,28569.0,28146.0,1166934.0,2020-12-22
723,30344.0,30451.0,222045.0,768871.0,30766.0,31751.0,28520.0,28415.0,1171163.0,2020-12-23
724,30500.0,30430.0,223207.0,771176.0,31033.0,31708.0,28560.0,28422.0,1175036.0,2020-12-24
725,30570.0,30402.0,222593.0,771863.0,30874.0,31662.0,28529.0,28604.0,1175097.0,2020-12-25
726,30735.0,30402.0,226401.0,773076.0,30938.0,31740.0,28598.0,28647.0,1180537.0,2020-12-28
727,31309.0,30393.0,228726.0,780153.0,30957.0,31848.0,28687.0,28858.0,1190931.0,2020-12-29
728,31059.0,30388.0,230169.0,777969.0,31216.0,31820.0,28672.0,28683.0,1189976.0,2020-12-30
